{"cameraMode":{"drawMode":0,"name":"Shaded","section":"Shading Mode"},"sceneLighting":false,"audioPlay":false,"sceneViewState":{"showFog":true,"showMaterialUpdate":false,"showSkybox":false,"showFlares":true,"showImageEffects":true,"showParticleSystems":true},"in2DMode":false,"pivot":{"x":30.336090087890626,"y":-19.276750564575197,"z":8.544946670532227},"rotation":{"x":-0.10212543606758118,"y":-0.23581866919994355,"z":0.024903660640120508,"w":-0.966123640537262},"size":22.0,"orthographic":false}